Date,Name,Year,Letterboxd URI,Rating
2020-08-07,inception,2010,https://boxd.it/1skk,8.0
2020-08-07,joker-2019,2019,https://boxd.it/h4cS,7.0
2020-08-07,fight-club,1999,https://boxd.it/2a9q,7.0
2020-08-07,spirited-away,2001,https://boxd.it/2b4m,5.0
2020-08-07,inglourious-basterds,2009,https://boxd.it/1JzG,8.0
2020-08-07,the-silence-of-the-lambs,1991,https://boxd.it/2aHW,8.0
2020-08-07,baby-driver,2017,https://boxd.it/bhF2,6.0
2020-08-07,1917,2019,https://boxd.it/jj4y,8.0
2020-08-07,django-unchained,2012,https://boxd.it/2cCk,10.0
2020-08-07,arrival-2016,2016,https://boxd.it/aNGk,7.0
2020-08-07,back-to-the-future,1985,https://boxd.it/2b8e,7.0
2020-08-07,avengers-endgame,2019,https://boxd.it/9vE4,9.0
2020-08-07,shutter-island,2010,https://boxd.it/1U82,10.0
2020-08-07,forrest-gump,1994,https://boxd.it/728,6.0
2020-08-07,the-empire-strikes-back,1980,https://boxd.it/27Vw,8.0
2020-08-07,the-breakfast-club,1985,https://boxd.it/27q4,7.0
2020-08-07,the-dark-knight-rises,2012,https://boxd.it/H3m,5.0
2020-08-07,howls-moving-castle,2004,https://boxd.it/23De,5.0
2020-08-07,schindlers-list,1993,https://boxd.it/2aq2,7.0
2020-08-07,harry-potter-and-the-prisoner-of-azkaban,2004,https://boxd.it/29Qy,8.0
2020-08-07,titanic-1997,1997,https://boxd.it/2a2k,6.0
2020-08-07,batman-begins,2005,https://boxd.it/2aIg,7.0
2020-08-07,the-perks-of-being-a-wallflower,2012,https://boxd.it/2ZA8,8.0
2020-08-07,kill-bill-vol-1,2003,https://boxd.it/70w,6.0
2020-08-07,star-wars-the-last-jedi,2017,https://boxd.it/5xme,4.0
2020-08-07,deadpool,2016,https://boxd.it/9fOC,7.0
2020-08-07,spider-man-homecoming,2017,https://boxd.it/aboM,7.0
2020-08-07,the-avengers-2012,2012,https://boxd.it/1xFW,8.0
2020-08-07,logan-2017,2017,https://boxd.it/7Piy,7.0
2020-08-07,star-wars-the-rise-of-skywalker,2019,https://boxd.it/5xlK,2.0
2020-08-07,spider-man-far-from-home,2019,https://boxd.it/fegG,7.0
2020-08-07,alien,1979,https://boxd.it/2awY,5.0
2020-08-07,the-hateful-eight,2015,https://boxd.it/8gw8,7.0
2020-08-07,iron-man-2008,2008,https://boxd.it/28dA,6.0
2020-08-07,the-incredibles,2004,https://boxd.it/1XLm,6.0
2020-08-07,toy-story-4,2019,https://boxd.it/9ALu,7.0
2020-08-07,kingsman-the-secret-service,2014,https://boxd.it/6dxe,9.0
2020-08-07,pans-labyrinth,2006,https://boxd.it/28No,5.0
2020-08-07,harry-potter-and-the-philosophers-stone,2001,https://boxd.it/29QS,6.0
2020-08-07,kill-bill-vol-2,2004,https://boxd.it/2au4,7.0
2020-08-07,toy-story-3,2010,https://boxd.it/1WRe,6.0
2020-08-07,ready-player-one,2018,https://boxd.it/aZes,4.0
2020-08-07,raiders-of-the-lost-ark,1981,https://boxd.it/2bbs,6.0
2020-08-07,star-wars-episode-iii-revenge-of-the-sith,2005,https://boxd.it/27US,7.0
2020-08-07,star-wars-episode-i-the-phantom-menace,1999,https://boxd.it/27Vc,4.0
2020-08-07,ferris-buellers-day-off,1986,https://boxd.it/1YPY,6.0
2020-08-07,the-disaster-artist,2017,https://boxd.it/cTqc,7.0
2020-08-07,harry-potter-and-the-goblet-of-fire,2005,https://boxd.it/29Qo,6.0
2020-08-07,hot-fuzz,2007,https://boxd.it/2416,10.0
2020-08-07,dead-poets-society,1989,https://boxd.it/2aSg,7.0
2020-08-07,die-hard,1988,https://boxd.it/2a7u,8.0
2020-08-07,harry-potter-and-the-deathly-hallows-part-1,2010,https://boxd.it/1RYu,7.0
2020-08-07,skyfall,2012,https://boxd.it/17Fc,7.0
2020-08-07,12-angry-men,1957,https://boxd.it/2auI,7.0
2020-08-07,mission-impossible-fallout,2018,https://boxd.it/bSVc,10.0
2020-08-07,full-metal-jacket,1987,https://boxd.it/2a1Q,5.0
2020-08-07,okja,2017,https://boxd.it/dvXe,4.0
2020-08-07,v-for-vendetta,2005,https://boxd.it/29Ik,7.0
2020-08-07,x-men-days-of-future-past,2014,https://boxd.it/4aRw,7.0
2020-08-07,casablanca,1942,https://boxd.it/2aG0,4.0
2020-08-07,citizen-kane,1941,https://boxd.it/71O,4.0
2020-08-07,groundhog-day,1993,https://boxd.it/2b3e,6.0
2020-08-07,the-ballad-of-buster-scruggs,2018,https://boxd.it/jB2q,7.0
2020-08-07,back-to-the-future-part-ii,1989,https://boxd.it/2aYI,8.0
2020-08-07,the-exorcist,1973,https://boxd.it/1Yoo,3.0
2020-08-07,the-hangover,2009,https://boxd.it/1GjK,6.0
2020-08-07,looper,2012,https://boxd.it/ham,7.0
2020-08-07,casino-royale-2006,2006,https://boxd.it/1alk,9.0
2020-08-07,now-you-see-me,2013,https://boxd.it/2Bsu,6.0
2020-08-07,x-men-apocalypse,2016,https://boxd.it/7eJi,4.0
2020-08-07,men-in-black,1997,https://boxd.it/2a0I,6.0
2020-08-07,fantastic-beasts-the-crimes-of-grindelwald,2018,https://boxd.it/bg8G,2.0
2020-08-07,pirates-of-the-caribbean-dead-mans-chest,2006,https://boxd.it/2bfk,6.0
2020-08-07,i-am-legend,2007,https://boxd.it/21DG,5.0
2020-08-07,o-brother-where-art-thou,2000,https://boxd.it/2b3I,2.0
2020-08-07,x-men,2000,https://boxd.it/1a7s,6.0
2020-08-07,back-to-the-future-part-iii,1990,https://boxd.it/2aTS,6.0
2020-08-07,pirates-of-the-caribbean-at-worlds-end,2007,https://boxd.it/2aGu,6.0
2020-08-07,moulin-rouge-2001,2001,https://boxd.it/29wI,4.0
2020-08-07,the-room,2003,https://boxd.it/1ICY,4.0
2020-08-07,life-of-brian,1979,https://boxd.it/2a4q,7.0
2020-08-07,the-chronicles-of-narnia-the-lion-the-witch-and-the-wardrobe,2005,https://boxd.it/2ark,6.0
2020-08-07,the-bourne-identity-2002,2002,https://boxd.it/26EO,5.0
2020-08-07,top-gun,1986,https://boxd.it/29JC,5.0
2020-08-07,x-men-origins-wolverine,2009,https://boxd.it/27ug,5.0
2020-08-07,pirates-of-the-caribbean-on-stranger-tides,2011,https://boxd.it/27Z4,4.0
2020-08-07,to-kill-a-mockingbird,1962,https://boxd.it/2a2E,5.0
2020-08-07,the-adventures-of-tintin,2011,https://boxd.it/1Irc,5.0
2020-08-07,crouching-tiger-hidden-dragon,2000,https://boxd.it/2b1M,5.0
2020-08-07,notting-hill,1999,https://boxd.it/2aeK,6.0
2020-08-07,the-blues-brothers,1980,https://boxd.it/2adi,7.0
2020-08-07,black-mirror-san-junipero,2016,https://boxd.it/k4aS,7.0
2020-08-07,hannibal,2001,https://boxd.it/1XVc,6.0
2020-08-07,the-last-samurai,2003,https://boxd.it/29ZA,5.0
2020-08-07,spy-kids,2001,https://boxd.it/1Xcw,7.0
2020-08-07,a-few-good-men,1992,https://boxd.it/29nw,5.0
2020-08-07,the-last-airbender,2010,https://boxd.it/1WQK,1.0
2020-08-07,the-great-escape,1963,https://boxd.it/22kA,5.0
2020-08-07,das-boot,1981,https://boxd.it/2av2,2.0
2020-08-07,red-dragon,2002,https://boxd.it/1Yrs,4.0
2020-08-07,the-chronicles-of-narnia-prince-caspian,2008,https://boxd.it/26Hy,5.0
2020-08-07,mortal-engines,2018,https://boxd.it/fahg,2.0
2020-08-07,star-wars-the-force-awakens,2015,https://boxd.it/4vru,7.0
2020-08-07,leon-the-professional,1994,https://boxd.it/2b8S,3.0
2020-08-07,the-great-gatsby-2013,2013,https://boxd.it/JY,6.0
2020-08-07,the-hobbit-an-unexpected-journey,2012,https://boxd.it/GZk,4.0
2020-08-07,the-green-mile,1999,https://boxd.it/2agG,6.0
2020-08-07,les-miserables-2012,2012,https://boxd.it/2TT4,6.0
2020-08-07,big-fish,2003,https://boxd.it/2a3M,3.0
2020-08-07,its-a-wonderful-life,1946,https://boxd.it/28xA,3.0
2020-08-07,127-hours,2010,https://boxd.it/SLa,4.0
2020-08-07,rain-man,1988,https://boxd.it/2avw,3.0
2020-08-07,pirates-of-the-caribbean-dead-men-tell-no-tales,2017,https://boxd.it/5a9m,2.0
2020-08-07,the-mummy-1999,1999,https://boxd.it/2a7a,6.0
2020-08-07,sherlock-holmes-a-game-of-shadows,2011,https://boxd.it/k3S,6.0
2020-08-07,now-you-see-me-2,2016,https://boxd.it/99fw,3.0
2020-08-07,point-break,1991,https://boxd.it/2958,4.0
2020-08-07,sing-2016,2016,https://boxd.it/b5EQ,1.0
2020-08-07,enders-game,2013,https://boxd.it/2N9Y,6.0
2020-08-07,grave-of-the-fireflies,1988,https://boxd.it/1RUM,3.0
2020-08-07,princess-mononoke,1997,https://boxd.it/2b4w,4.0
2020-08-07,kill-bill-the-whole-bloody-affair,2006,https://boxd.it/eCrQ,8.0
2020-08-07,les-miserables-the-staged-concert,2019,https://boxd.it/oi2c,8.0
2020-08-07,twisted-the-untold-story-of-a-royal-vizier,2013,https://boxd.it/73Gi,6.0
2020-08-07,sherlock-a-study-in-pink,2010,https://boxd.it/mueU,8.0
2020-08-07,bo-burnham-what,2013,https://boxd.it/7au4,7.0
2020-08-07,sherlock-a-scandal-in-belgravia,2012,https://boxd.it/mwHE,7.0
2020-08-07,sherlock-the-great-game-2010,2010,https://boxd.it/mwRa,8.0
2020-08-07,amelie,2001,https://boxd.it/2aUc,3.0
2020-08-07,au-revoir-les-enfants,1987,https://boxd.it/288U,4.0
2020-08-07,ex-machina-2015,2015,https://boxd.it/7T2k,7.0
2020-08-07,la-la-land,2016,https://boxd.it/a5fa,6.0
2020-08-07,gladiator-2000,2000,https://boxd.it/2b9m,7.0
2020-08-07,watchmen-motion-comic,2008,https://boxd.it/84Dc,8.0
2020-08-07,rebooted,2019,https://boxd.it/nhco,4.0
2020-08-07,doctor-who-the-night-of-the-doctor,2013,https://boxd.it/eti6,6.0
2020-08-07,black-mirror-shut-up-and-dance,2016,https://boxd.it/hRRq,7.0
2020-08-07,the-departed,2006,https://boxd.it/28MA,7.0
2020-08-07,north-by-northwest,1959,https://boxd.it/2aRM,4.0
2020-08-08,the-godfather-part-ii,1974,https://boxd.it/2aNq,5.0
2020-08-08,who-framed-roger-rabbit,1988,https://boxd.it/29ry,5.0
2020-08-08,the-usual-suspects,1995,https://boxd.it/29XE,6.0
2020-08-08,happy-gilmore,1996,https://boxd.it/1Yey,4.0
2020-08-08,oceans-eleven-2001,2001,https://boxd.it/2aZm,4.0
2020-08-08,robin-hood-men-in-tights,1993,https://boxd.it/20H8,3.0
2020-08-08,wonder-woman-2017,2017,https://boxd.it/9roG,5.0
2020-08-08,war-of-the-worlds,2005,https://boxd.it/2bde,6.0
2020-08-08,national-treasure,2004,https://boxd.it/27x0,6.0
2020-08-08,men-in-black-ii,2002,https://boxd.it/2a0y,3.0
2020-08-22,this-is-spinal-tap,1984,https://boxd.it/1UOs,4.0
2020-08-23,amadeus,1984,https://boxd.it/2aH8,8.0
2020-08-23,the-dark-knight,2008,https://boxd.it/2b0k,8.0
2020-08-23,lady-bird,2017,https://boxd.it/dGNE,4.0
2020-08-24,walle,2008,https://boxd.it/1VEo,6.0
2020-08-31,lawrence-of-arabia,1962,https://boxd.it/2wRE,3.0
2020-09-15,memento,2000,https://boxd.it/2bcK,6.0
2020-09-15,bahubali-the-beginning,2015,https://boxd.it/7y2y,8.0
2020-09-16,bahubali-2-the-conclusion,2017,https://boxd.it/bMfO,8.0
2020-09-22,breakfast-at-tiffanys,1961,https://boxd.it/2aYS,3.0
2020-09-29,the-shining,1980,https://boxd.it/29Nu,5.0
2020-09-29,the-shape-of-water,2017,https://boxd.it/dZ5m,2.0
2020-10-09,were-the-millers,2013,https://boxd.it/4srQ,6.0
2020-10-12,enola-holmes,2020,https://boxd.it/hX2o,4.0
2020-10-14,three-billboards-outside-ebbing-missouri,2017,https://boxd.it/ceBS,5.0
2020-10-14,good-omens,2019,https://boxd.it/jUOI,7.0
2020-10-14,doctor-who-the-waters-of-mars,2009,https://boxd.it/8Hae,6.0
2020-10-14,doctor-who-a-christmas-carol,2010,https://boxd.it/abn0,7.0
2020-10-19,the-greatest-showman,2017,https://boxd.it/acjI,4.0
2020-10-29,hush-2016,2016,https://boxd.it/d5ys,6.0
2020-10-30,coraline,2009,https://boxd.it/1NhQ,4.0
2020-10-30,the-worlds-end,2013,https://boxd.it/3EiO,6.0
2020-10-30,x-men-the-last-stand,2006,https://boxd.it/1a5Q,5.0
2020-11-10,hamilton-2020,2020,https://boxd.it/kmvE,8.0
2020-12-05,love-actually,2003,https://boxd.it/2aeU,8.0
2020-12-12,nativity,2009,https://boxd.it/FRa,2.0
2021-01-21,pirates-of-the-caribbean-the-curse-of-the-black-pearl,2003,https://boxd.it/70G,9.0
2021-02-01,stardust-2007,2007,https://boxd.it/272w,10.0
2021-02-12,x-men-first-class,2011,https://boxd.it/FOA,7.0
2021-02-17,the-new-mutants,2020,https://boxd.it/bjle,2.0
2021-02-17,the-simpsons-movie,2007,https://boxd.it/6YU,5.0
2021-03-15,wandavision,2021,https://boxd.it/sbGW,8.0
2021-03-15,enter-the-dragon,1973,https://boxd.it/1YCA,4.0
2021-03-15,american-psycho,2000,https://boxd.it/28Vs,4.0
2021-03-23,murder-on-the-orient-express-2017,2017,https://boxd.it/dHjA,6.0
2021-03-29,zodiac,2007,https://boxd.it/27MO,7.0
2021-04-01,the-social-network,2010,https://boxd.it/17ue,6.0
2021-04-04,little-miss-sunshine,2006,https://boxd.it/29EW,7.0
2021-04-05,good-morning-vietnam,1987,https://boxd.it/29Aq,6.0
2021-05-01,bo-burnham-make-happy,2016,https://boxd.it/e436,7.0
2021-05-04,parasite-2019,2019,https://boxd.it/hTha,10.0
2021-05-04,coco-2017,2017,https://boxd.it/bYJQ,9.0
2021-05-04,palm-springs-2020,2020,https://boxd.it/lCXQ,7.0
2021-05-04,get-out-2017,2017,https://boxd.it/eOCm,8.0
2021-05-09,harry-potter-and-the-chamber-of-secrets,2002,https://boxd.it/29QI,5.0
2021-05-09,the-truman-show,1998,https://boxd.it/18U8,7.0
2021-05-12,avengers-infinity-war,2018,https://boxd.it/9vEe,10.0
2021-05-14,peter-pan-goes-wrong,2016,https://boxd.it/fkU8,10.0
2021-05-16,tag-2018,2018,https://boxd.it/gh7Y,3.0
2021-05-17,knives-out-2019,2019,https://boxd.it/jWEA,10.0
2021-05-28,a-quiet-place-part-ii,2020,https://boxd.it/iTx0,6.0
2021-05-28,a-quiet-place-2018,2018,https://boxd.it/fVJQ,6.0
2021-05-30,airplane,1980,https://boxd.it/29yu,7.0
2021-06-01,bo-burnham-inside,2021,https://boxd.it/v2uy,8.0
2021-06-05,the-other-woman-2014,2014,https://boxd.it/5Q3U,2.0
2021-06-10,the-princess-bride,1987,https://boxd.it/26EY,9.0
2021-06-10,matilda,1996,https://boxd.it/1VhY,6.0
2021-06-12,spy,2015,https://boxd.it/71Ks,4.0
2021-06-12,2001-a-space-odyssey,1968,https://boxd.it/2bf0,3.0
2021-06-12,interstellar,2014,https://boxd.it/4VZ8,4.0
2021-06-12,the-godfather,1972,https://boxd.it/2aNK,4.0
2021-06-12,the-falcon-and-the-winter-soldier,2021,https://boxd.it/sbH6,3.0
2021-06-15,jojo-rabbit,2019,https://boxd.it/iEBG,10.0
2021-06-15,chernobyl,2019,https://boxd.it/mkbG,9.0
2021-06-15,captain-america-the-first-avenger,2011,https://boxd.it/28b0,8.0
2021-06-15,iron-man-2,2010,https://boxd.it/1WZM,3.0
2021-06-15,thor-the-dark-world,2013,https://boxd.it/2DqA,4.0
2021-06-15,the-chronicles-of-narnia-the-voyage-of-the-dawn-treader,2010,https://boxd.it/1WZs,3.0
2021-06-19,in-the-heights,2021,https://boxd.it/gLhu,7.0
2021-06-20,midsommar,2019,https://boxd.it/jhxe,3.0
2021-06-20,incredibles-2,2018,https://boxd.it/7IPg,3.0
2021-06-22,raya-and-the-last-dragon,2021,https://boxd.it/jbkI,3.0
2021-06-23,alien-3,1992,https://boxd.it/20zS,3.0
2021-06-23,alien-resurrection,1997,https://boxd.it/20zI,2.0
2021-06-23,die-hard-with-a-vengeance,1995,https://boxd.it/28zG,6.0
2021-06-23,the-hunger-games-catching-fire,2013,https://boxd.it/3sAw,4.0
2021-06-23,the-hunger-games-mockingjay-part-2,2015,https://boxd.it/4hk0,3.0
2021-06-23,the-hunger-games-mockingjay-part-1,2014,https://boxd.it/4hka,3.0
2021-06-23,maze-runner-the-scorch-trials,2015,https://boxd.it/9hwA,3.0
2021-06-23,the-maze-runner,2014,https://boxd.it/5YPM,4.0
2021-06-23,maze-runner-the-death-cure,2018,https://boxd.it/bakw,3.0
2021-06-23,the-naked-gun-from-the-files-of-police-squad,1988,https://boxd.it/18YE,8.0
2021-06-23,the-terminator,1984,https://boxd.it/2aQY,6.0
2021-06-23,terminator-2-judgment-day,1991,https://boxd.it/2aGY,7.0
2021-06-23,terminator-3-rise-of-the-machines,2003,https://boxd.it/2aES,3.0
2021-06-23,terminator-genisys,2015,https://boxd.it/35s0,2.0
2021-06-23,terminator-salvation,2009,https://boxd.it/2abQ,2.0
2021-06-23,toy-story,1995,https://boxd.it/29qA,6.0
2021-06-23,toy-story-2,1999,https://boxd.it/29qq,5.0
2021-06-26,3-idiots,2009,https://boxd.it/1Dsa,7.0
2021-06-28,promising-young-woman,2020,https://boxd.it/loRE,8.0
2021-06-28,ghostbusters,1984,https://boxd.it/g2w,7.0
2021-06-28,clue,1985,https://boxd.it/1MDQ,7.0
2021-07-04,us-2019,2019,https://boxd.it/gnV6,6.0
2021-07-07,shaun-of-the-dead,2004,https://boxd.it/29J8,7.0
2021-07-13,black-widow-2021,2021,https://boxd.it/hWV8,4.0
2021-07-25,fantastic-mr-fox,2009,https://boxd.it/1WyQ,3.0
2021-07-25,office-space,1999,https://boxd.it/28Em,1.0
2021-07-25,captain-marvel,2019,https://boxd.it/9vSA,3.0
2021-07-31,cool-hand-luke,1967,https://boxd.it/29jY,4.0
2021-08-04,the-boat-that-rocked,2009,https://boxd.it/1FZA,7.0
2021-08-05,how-to-train-your-dragon,2010,https://boxd.it/1WRy,7.0
2021-08-18,safety-last,1923,https://boxd.it/1AkW,7.0
2021-09-03,what-we-do-in-the-shadows,2014,https://boxd.it/7eQy,6.0
2021-09-08,watchmen-2019,2019,https://boxd.it/ol5e,9.0
2021-09-12,pulp-fiction,1994,https://boxd.it/29Pq,5.0
2021-09-14,sunshine-on-leith,2013,https://boxd.it/6nzu,8.0
2021-09-28,ip-man,2008,https://boxd.it/1NrQ,7.0
2021-09-29,the-voyeurs-2021,2021,https://boxd.it/nZoe,6.0
2021-10-02,gifted-2017,2017,https://boxd.it/e5dG,8.0
2021-10-03,monty-pythons-the-meaning-of-life,1983,https://boxd.it/249E,6.0
2021-10-04,ip-man-2,2010,https://boxd.it/18gs,7.0
2021-10-04,jaws,1975,https://boxd.it/2a5e,6.0
2021-10-04,ip-man-3,2015,https://boxd.it/cDqA,6.0
2021-10-05,the-notebook,2004,https://boxd.it/1UNE,5.0
2021-10-07,the-hobbit-the-battle-of-the-five-armies,2014,https://boxd.it/43aU,4.0
2021-10-07,the-hobbit-the-desolation-of-smaug,2013,https://boxd.it/nmS,3.0
2021-10-09,the-invention-of-lying,2009,https://boxd.it/1zGs,5.0
2021-10-09,the-queens-gambit,2020,https://boxd.it/s1Ym,5.0
2021-10-09,no-country-for-old-men,2007,https://boxd.it/21ew,7.0
2021-10-11,ip-man-4-the-finale,2019,https://boxd.it/g2eq,7.0
2021-10-12,good-will-hunting,1997,https://boxd.it/2ahY,10.0
2021-10-13,highlander,1986,https://boxd.it/20GE,7.0
2021-10-14,the-lord-of-the-rings-the-return-of-the-king,2003,https://boxd.it/2b5u,10.0
2021-10-14,mars-attacks,1996,https://boxd.it/2bd4,3.0
2021-10-17,the-sixth-sense,1999,https://boxd.it/29Js,10.0
2021-10-17,hero-2002,2002,https://boxd.it/2bcq,9.0
2021-10-17,the-lord-of-the-rings-the-fellowship-of-the-ring,2001,https://boxd.it/2b5O,10.0
2021-10-17,scott-pilgrim-vs-the-world,2010,https://boxd.it/1Aq6,10.0
2021-10-20,the-lord-of-the-rings-the-two-towers,2002,https://boxd.it/2b5E,9.0
2021-10-21,clash-of-the-titans-2010,2010,https://boxd.it/1GfI,6.0
2021-10-22,the-mitchells-vs-the-machines,2021,https://boxd.it/i7xm,5.0
2021-11-30,harry-potter-and-the-deathly-hallows-part-2,2011,https://boxd.it/1RYk,9.0
2021-11-30,harry-potter-and-the-half-blood-prince,2009,https://boxd.it/29FU,8.0
2021-12-03,watchmen,2009,https://boxd.it/1QE4,9.0
2021-12-13,shazam,2019,https://boxd.it/8WBu,5.0
2021-12-16,rise-of-the-guardians,2012,https://boxd.it/2PXw,5.0
2021-12-22,spider-man-no-way-home,2021,https://boxd.it/nwRw,9.0
2021-12-23,hawkeye-2021,2021,https://boxd.it/xQqK,3.0
2021-12-25,the-imitation-game,2014,https://boxd.it/6aig,6.0
2021-12-28,hot-shots,1991,https://boxd.it/1YhC,7.0
2021-12-28,the-matrix,1999,https://boxd.it/2a1m,8.0
2021-12-28,the-matrix-resurrections,2021,https://boxd.it/n87k,7.0
2021-12-28,the-matrix-reloaded,2003,https://boxd.it/2a1c,4.0
2021-12-28,the-matrix-revolutions,2003,https://boxd.it/2a12,4.0
2021-12-29,tenet,2020,https://boxd.it/leq4,7.0
2021-12-29,lemony-snickets-a-series-of-unfortunate-events,2004,https://boxd.it/1T7s,5.0
2021-12-29,megamind,2010,https://boxd.it/16Sk,5.0
2021-12-29,dirty-dancing,1987,https://boxd.it/2baY,5.0
2021-12-29,aliens,1986,https://boxd.it/29PA,5.0
2021-12-29,bohemian-rhapsody,2018,https://boxd.it/f1TK,5.0
2021-12-29,dracula-2020,2020,https://boxd.it/ozuM,6.0
2021-12-29,little-women-2019,2019,https://boxd.it/aSVk,5.0
2021-12-29,doctor-who-the-day-of-the-doctor,2013,https://boxd.it/a4Bk,7.0
2022-01-02,free-guy,2021,https://boxd.it/k8dm,6.0
2022-01-04,ghostbusters-afterlife,2021,https://boxd.it/f4Pw,6.0
2022-01-05,the-last-duel-2021,2021,https://boxd.it/mQbe,6.0
2022-01-05,no-time-to-die-2021,2021,https://boxd.it/cPX2,6.0
2022-01-10,encanto,2021,https://boxd.it/kPRu,5.0
2022-01-23,the-kings-man,2021,https://boxd.it/h714,8.0
2022-02-06,star-wars-episode-ii-attack-of-the-clones,2002,https://boxd.it/27V2,5.0
2022-02-12,the-gentlemen,2019,https://boxd.it/iYBQ,10.0
2022-02-21,the-suicide-squad,2021,https://boxd.it/fw6O,9.0
2022-03-12,the-batman,2022,https://boxd.it/eDGs,7.0
2022-03-20,king-arthur-legend-of-the-sword,2017,https://boxd.it/8lDS,4.0
2022-03-20,neighbors-2014,2014,https://boxd.it/5Txe,5.0
2022-03-27,collateral-beauty,2016,https://boxd.it/bAIu,3.0
2022-04-05,10-things-i-hate-about-you,1999,https://boxd.it/23AO,8.0
2022-04-10,the-intouchables,2011,https://boxd.it/2FT0,8.0
2022-04-10,tick-tick-boom-2021,2021,https://boxd.it/jz2e,7.0
2022-04-14,interview-with-the-vampire,1994,https://boxd.it/29XO,3.0
2022-04-14,snatch,2000,https://boxd.it/2b7U,5.0
2022-04-15,zack-snyders-justice-league,2021,https://boxd.it/tLOk,8.0
2022-04-16,dr-strangelove-or-how-i-learned-to-stop-worrying-and-love-the-bomb,1964,https://boxd.it/29eY,5.0
2022-04-16,oldboy,2003,https://boxd.it/29R2,6.0
2022-04-18,reservoir-dogs,1992,https://boxd.it/2agc,6.0
2022-04-18,mary-and-max,2009,https://boxd.it/1y2m,7.0
2022-04-18,ghostbusters-ii,1989,https://boxd.it/261s,4.0
2022-04-19,lilo-stitch,2002,https://boxd.it/1TAY,6.0
2022-06-02,everything-everywhere-all-at-once,2022,https://boxd.it/jUk4,10.0
2022-07-12,top-gun-maverick,2022,https://boxd.it/cjr4,8.0
2022-07-20,the-road-to-el-dorado,2000,https://boxd.it/1W6s,7.0
2022-07-20,500-days-of-summer,2009,https://boxd.it/1EmM,7.0
2022-07-20,avengers-age-of-ultron,2015,https://boxd.it/3qi6,5.0
2022-07-20,ant-man,2015,https://boxd.it/3vmW,6.0
2022-07-20,iron-man-3,2013,https://boxd.it/2cBQ,5.0
2022-07-20,the-hunger-games,2012,https://boxd.it/2uds,5.0
2022-07-20,misery,1990,https://boxd.it/28gY,6.0
2022-07-20,the-last-of-the-mohicans-1992,1992,https://boxd.it/1YSo,5.0
2022-07-20,the-wolverine,2013,https://boxd.it/2CWU,4.0
2022-07-20,percy-jackson-the-olympians-the-lightning-thief,2010,https://boxd.it/1gJi,4.0
2022-07-20,thor,2011,https://boxd.it/1WQU,7.0
2022-07-21,ms-marvel,2022,https://boxd.it/ANCY,7.0
2022-07-23,return-of-the-jedi,1983,https://boxd.it/27Vm,9.0
2022-07-24,the-cabin-in-the-woods,2011,https://boxd.it/1zOc,5.0
2022-07-25,rrr,2022,https://boxd.it/ljDs,8.0
2022-07-25,the-evil-dead,1981,https://boxd.it/29Go,8.0
2022-07-26,in-bruges,2008,https://boxd.it/20n8,8.0
2022-07-26,the-shawshank-redemption,1994,https://boxd.it/2aHi,9.0
2022-07-26,up,2009,https://boxd.it/1OEc,6.0
2022-07-27,blade-runner,1982,https://boxd.it/2bcA,4.0
2022-08-12,rush-hour,1998,https://boxd.it/27pU,6.0
2022-08-26,a-knights-tale,2001,https://boxd.it/1YAk,8.0
2022-09-05,the-incredible-hulk,2008,https://boxd.it/28dU,5.0
2022-09-06,thor-ragnarok,2017,https://boxd.it/8MHi,8.0
2022-09-06,doctor-strange-in-the-multiverse-of-madness,2022,https://boxd.it/gaTc,6.0
2022-09-06,captain-america-civil-war,2016,https://boxd.it/89Ja,6.0
2022-09-06,thor-love-and-thunder,2022,https://boxd.it/mMAY,5.0
2022-09-08,shang-chi-and-the-legend-of-the-ten-rings,2021,https://boxd.it/kLDI,8.0
2022-09-08,tolkien-2019,2019,https://boxd.it/gM4G,7.0
2022-09-09,a-beautiful-mind,2001,https://boxd.it/2amk,5.0
2022-09-10,the-sea-beast-2022,2022,https://boxd.it/kv3a,5.0
2022-09-11,monty-python-and-the-holy-grail,1975,https://boxd.it/29GI,10.0
2022-09-12,jackie-brown,1997,https://boxd.it/2aVO,4.0
2022-09-12,hot-rod,2007,https://boxd.it/1X9C,8.0
2022-09-16,sunshine-2007,2007,https://boxd.it/28Xy,8.0
2022-09-18,nope,2022,https://boxd.it/sDCe,5.0
2022-09-18,deadpool-2,2018,https://boxd.it/dlLM,5.0
2022-09-18,captain-america-the-winter-soldier,2014,https://boxd.it/3r58,9.0
2022-09-24,x2,2003,https://boxd.it/1a7i,7.0
2022-10-14,she-hulk-attorney-at-law,2022,https://boxd.it/CjLK,4.0
2022-10-17,werewolf-by-night,2022,https://boxd.it/xMrO,8.0
2022-10-19,the-lord-of-the-rings-the-rings-of-power-global-fan-screening,2022,https://boxd.it/CpBw,7.0
2022-10-19,loki-2021,2021,https://boxd.it/sbHg,7.0
2022-10-31,the-addams-family-2019,2019,https://boxd.it/hhYg,2.0
2022-11-09,see-how-they-run-2022,2022,https://boxd.it/sNVq,4.0
2022-11-09,enola-holmes-2,2022,https://boxd.it/vfDe,7.0
2022-11-24,do-revenge,2022,https://boxd.it/sFiA,7.0
2022-12-07,a-castle-for-christmas,2021,https://boxd.it/svx6,1.0
2022-12-07,the-guardians-of-the-galaxy-holiday-special,2022,https://boxd.it/t77K,4.0
2022-12-21,treasure-planet,2002,https://boxd.it/1Znm,7.0
2022-12-24,the-banshees-of-inisherin,2022,https://boxd.it/p7XS,4.0
2022-12-24,avatar,2009,https://boxd.it/1Efm,5.0
2022-12-26,the-boy-the-mole-the-fox-and-the-horse,2022,https://boxd.it/BBT6,7.0
2022-12-26,another-round,2020,https://boxd.it/lkba,8.0
2022-12-26,glass-onion,2022,https://boxd.it/oCkK,7.0
2022-12-26,eternal-sunshine-of-the-spotless-mind,2004,https://boxd.it/6YK,6.0
2023-01-02,violent-night,2022,https://boxd.it/xXBA,6.0
2023-01-08,balto,1995,https://boxd.it/1Cwq,6.0
2023-01-14,puss-in-boots-the-last-wish,2022,https://boxd.it/aaie,7.0
2023-01-25,kikis-delivery-service,1989,https://boxd.it/1JAY,7.0
2023-01-26,boyz-n-the-hood,1991,https://boxd.it/29Ug,7.0
2023-01-26,halloween-1978,1978,https://boxd.it/2wRu,4.0
2023-01-29,catch-me-if-you-can-2002,2002,https://boxd.it/29VS,7.0
2023-02-10,the-whale-2022,2022,https://boxd.it/tw4c,8.0
2023-03-03,marcel-the-shell-with-shoes-on-2021,2021,https://boxd.it/wMAk,9.0
2023-03-06,the-unbearable-weight-of-massive-talent,2022,https://boxd.it/o6eK,7.0
2023-03-10,the-lord-of-the-rings-2003,2003,https://boxd.it/2b5Y,9.0
2023-03-11,paddington-2,2017,https://boxd.it/bCF8,6.0
2023-03-13,triangle-of-sadness,2022,https://boxd.it/hXlq,8.0
2023-03-18,indiana-jones-and-the-temple-of-doom,1984,https://boxd.it/2bb8,5.0
2023-03-19,indiana-jones-and-the-last-crusade,1989,https://boxd.it/2baO,7.0
2023-03-22,indiana-jones-and-the-kingdom-of-the-crystal-skull,2008,https://boxd.it/2aR8,5.0
2023-04-24,dungeons-dragons-honor-among-thieves,2023,https://boxd.it/hN1A,7.0
2023-05-09,whiplash-2014,2014,https://boxd.it/7bQA,10.0
2023-05-09,black-panther-wakanda-forever,2022,https://boxd.it/igPu,6.0
2023-05-13,guardians-of-the-galaxy,2014,https://boxd.it/3VH2,7.0
2023-05-13,black-panther-2018,2018,https://boxd.it/8MHs,7.0
2023-05-13,eternals,2021,https://boxd.it/j36o,6.0
2023-05-13,ant-man-and-the-wasp-quantumania,2023,https://boxd.it/nL2y,5.0
2023-05-13,ant-man-and-the-wasp,2018,https://boxd.it/cqUW,5.0
2023-05-13,guardians-of-the-galaxy-vol-2,2017,https://boxd.it/8MxC,7.0
2023-05-13,doctor-strange-2016,2016,https://boxd.it/8MH8,6.0
2023-05-13,guardians-of-the-galaxy-vol-3,2023,https://boxd.it/fVNI,7.0
2023-05-15,blood-diamond,2006,https://boxd.it/28Tm,8.0
2023-05-27,soul-2020,2020,https://boxd.it/ioLA,6.0
2023-06-02,my-neighbor-totoro,1988,https://boxd.it/20eA,9.0
2023-06-03,spider-man-across-the-spider-verse,2023,https://boxd.it/kSz4,6.0
2023-06-16,the-witch-2015,2015,https://boxd.it/9X0m,7.0
2023-06-21,psycho,1960,https://boxd.it/2ab2,7.0
2023-06-27,the-great-dictator,1940,https://boxd.it/29ic,7.0
2023-06-27,harry-potter-and-the-order-of-the-phoenix,2007,https://boxd.it/29Qe,9.0
2023-06-27,lagaan-once-upon-a-time-in-india,2001,https://boxd.it/1EII,5.0
2023-06-27,stand-by-me,1986,https://boxd.it/2aOe,6.0
2023-06-27,et-the-extra-terrestrial,1982,https://boxd.it/2a1G,4.0
2023-06-27,jurassic-park,1993,https://boxd.it/2aA2,5.0
2023-06-27,the-good-the-bad-and-the-ugly,1966,https://boxd.it/2ape,7.0
2023-06-27,four-weddings-and-a-funeral,1994,https://boxd.it/29KA,6.0
2023-06-27,trainspotting,1996,https://boxd.it/29XY,5.0
2023-06-27,the-wizard-of-oz-1939,1939,https://boxd.it/29Xu,4.0
2023-06-27,seven-samurai,1954,https://boxd.it/2axi,6.0
2023-06-27,se7en,1995,https://boxd.it/29zs,6.0
2023-06-27,the-goonies,1985,https://boxd.it/1YVC,4.0
2023-06-27,rocky,1976,https://boxd.it/28Uk,5.0
2023-06-27,mean-girls,2004,https://boxd.it/1VNg,4.0
2023-06-28,asterix-obelix-mission-cleopatra,2002,https://boxd.it/268o,6.0
2023-06-28,the-nice-guys,2016,https://boxd.it/94Hg,6.0
2023-07-04,scarface-1983,1983,https://boxd.it/2b7g,7.0
2023-07-10,living-2022,2022,https://boxd.it/syDQ,8.0
2023-07-15,apocalypse-now,1979,https://boxd.it/6ZS,7.0
2023-07-15,saving-private-ryan,1998,https://boxd.it/29ro,5.0
2023-07-20,mission-impossible-dead-reckoning-part-one,2023,https://boxd.it/l7zS,8.0
2023-07-22,oppenheimer-2023,2023,https://boxd.it/wUow,8.0
2023-07-22,barbie,2023,https://boxd.it/bCLK,7.0
2023-07-24,black-mirror-loch-henry,2023,https://boxd.it/H7Pg,5.0
2023-07-24,black-mirror-beyond-the-sea,2023,https://boxd.it/H7QI,7.0
2023-07-31,moon-knight-2022,2022,https://boxd.it/zeDq,6.0
2023-08-01,the-grand-budapest-hotel,2014,https://boxd.it/3ZqO,7.0
2023-08-03,city-of-god,2002,https://boxd.it/2a2a,6.0
2023-08-03,the-amazing-spider-man,2012,https://boxd.it/27PI,6.0
2023-08-04,a-clockwork-orange,1971,https://boxd.it/2aVE,6.0
2023-08-05,kingsman-the-golden-circle,2017,https://boxd.it/buJm,4.0
2023-08-07,seven-pounds,2008,https://boxd.it/1U8w,6.0
2023-08-21,moonlight-2016,2016,https://boxd.it/d6bE,6.0
2023-08-31,brokeback-mountain,2005,https://boxd.it/2b2q,6.0
2023-09-05,american-history-x,1998,https://boxd.it/2bdo,9.0
2023-09-06,the-pianist,2002,https://boxd.it/2aqc,7.0
2023-09-06,the-wrong-trousers,1993,https://boxd.it/2ack,8.0
2023-09-06,a-grand-day-out,1989,https://boxd.it/2acu,7.0
2023-09-06,a-close-shave-1995,1995,https://boxd.it/2aca,8.0
2023-09-06,a-matter-of-loaf-and-death,2008,https://boxd.it/1O4S,7.0
2023-09-06,wallace-gromit-the-curse-of-the-were-rabbit,2005,https://boxd.it/2ac0,6.0
2023-09-08,rosemarys-baby,1968,https://boxd.it/29zM,5.0
2023-09-15,weird-the-al-yankovic-story-2022,2022,https://boxd.it/yYZA,7.0
2023-10-01,flash-gordon-1980,1980,https://boxd.it/257a,8.0
2023-10-10,uncut-gems,2019,https://boxd.it/gXGc,7.0
2023-10-10,daredevil,2003,https://boxd.it/1YzG,3.0
2023-10-11,a-haunting-in-venice,2023,https://boxd.it/zGdg,7.0
2023-10-12,her,2013,https://boxd.it/4O24,9.0
2023-10-12,the-prestige,2006,https://boxd.it/293w,9.0
2023-10-12,the-lion-king,1994,https://boxd.it/201Q,7.0
2023-10-12,the-big-lebowski,1998,https://boxd.it/2b6C,3.0
2023-10-12,the-rocky-horror-picture-show,1975,https://boxd.it/1a3q,4.0
2023-10-12,the-deer-hunter,1978,https://boxd.it/1T6O,2.0
2023-10-12,drive-2011,2011,https://boxd.it/IG,2.0
2023-10-12,vertigo,1958,https://boxd.it/2apI,4.0
2023-11-01,five-nights-at-freddys,2023,https://boxd.it/ikHu,4.0
2023-11-02,evil-dead-ii,1987,https://boxd.it/29Ge,5.0
2023-11-14,the-fifth-element,1997,https://boxd.it/71k,3.0
2023-11-15,the-amazing-spider-man-2,2014,https://boxd.it/3utM,7.0
2023-11-19,scott-pilgrim-takes-off-2023,2023,https://boxd.it/JLZk,7.0
2023-11-22,the-marvels,2023,https://boxd.it/mwU4,7.0
2023-12-04,a-california-christmas,2020,https://boxd.it/sSrK,2.0
2023-12-13,the-holiday,2006,https://boxd.it/28ye,3.0
2023-12-25,the-muppet-christmas-carol,1992,https://boxd.it/1WgC,8.0
2023-12-29,hogfather,2006,https://boxd.it/MEqe,8.0
2023-12-29,get-shorty,1995,https://boxd.it/20Ga,3.0
2024-01-04,fantastic-beasts-and-where-to-find-them,2016,https://boxd.it/7FPC,6.0
2024-01-05,david-holmes-the-boy-who-lived,2023,https://boxd.it/JaRI,6.0
2024-01-06,the-magnificent-seven,1960,https://boxd.it/29bA,8.0
2024-01-10,avatar-the-way-of-water,2022,https://boxd.it/2E2E,7.0
2024-01-17,marvels-the-defenders,2017,https://boxd.it/oszg,6.0
2024-01-17,secret-invasion,2023,https://boxd.it/HcqU,4.0
2024-01-17,wonka,2023,https://boxd.it/tCQm,7.0
2024-01-19,echo-2024,2024,https://boxd.it/KIjW,5.0
2024-01-21,elvis-2022,2022,https://boxd.it/mK4w,6.0
2024-01-21,gangs-of-new-york-2002,2002,https://boxd.it/25FG,8.0
2024-01-21,meet-joe-black,1998,https://boxd.it/2aEI,8.0
2024-01-21,the-mask-of-zorro,1998,https://boxd.it/1YVi,8.0
2024-01-22,next-goal-wins-2023,2023,https://boxd.it/mZTu,6.0
2024-02-06,blue-eye-samurai,2023,https://boxd.it/JH9k,9.0
2024-02-08,last-night-in-soho,2021,https://boxd.it/lbJC,9.0
2024-02-08,galaxy-quest,1999,https://boxd.it/29gq,6.0
2024-02-11,star-wars,1977,https://boxd.it/72s,8.0
2024-02-13,once-upon-a-time-in-mexico,2003,https://boxd.it/28LM,7.0
2024-02-19,nimona-2023,2023,https://boxd.it/Aiyc,7.0
2024-02-23,spider-man-into-the-spider-verse,2018,https://boxd.it/azpY,10.0
2024-03-08,dune-2021,2021,https://boxd.it/fA7G,7.0
2024-03-11,dune-part-two,2024,https://boxd.it/pUfA,9.0
2024-04-03,the-holdovers,2023,https://boxd.it/vHza,9.0
2024-04-09,lock-stock-and-two-smoking-barrels,1998,https://boxd.it/2b92,6.0
2024-04-11,mr-mrs-smith-2005,2005,https://boxd.it/29CG,5.0
2024-04-17,ponyo,2008,https://boxd.it/1S0A,6.0
2024-04-24,hoodwinked,2005,https://boxd.it/1UVS,7.0
2024-04-25,mission-impossible,1996,https://boxd.it/29d2,7.0
2024-04-26,mission-impossible-ii,2000,https://boxd.it/29cS,3.0
2024-04-27,mission-impossible-iii,2006,https://boxd.it/29cI,7.0
2024-05-02,mission-impossible-ghost-protocol,2011,https://boxd.it/psI,7.0
2024-05-02,mission-impossible-rogue-nation,2015,https://boxd.it/5rI4,8.0
2024-05-08,love-me-if-you-dare,2003,https://boxd.it/20bm,2.0
2024-05-08,sin-city,2005,https://boxd.it/2aVk,7.0
2024-05-19,the-hunt-for-gollum,2009,https://boxd.it/tHeC,6.0
2024-05-23,army-of-darkness,1992,https://boxd.it/29G4,8.0
2024-06-02,furiosa-a-mad-max-saga,2024,https://boxd.it/tABk,8.0
2024-06-06,top-secret,1984,https://boxd.it/1ZSE,8.0
2024-06-08,godzilla-minus-one,2023,https://boxd.it/zu4c,7.0
2024-06-12,john-wick,2014,https://boxd.it/7dEc,5.0
2024-06-12,hot-shots-part-deux,1993,https://boxd.it/1Z90,7.0
2024-06-27,young-frankenstein,1974,https://boxd.it/25To,6.0
2024-06-29,rebel-moon-part-two-the-scargiver,2024,https://boxd.it/zdta,4.0
2024-06-29,rebel-moon-part-one-a-child-of-fire,2023,https://boxd.it/w0qc,5.0
2024-07-02,hopscotch,1980,https://boxd.it/1hTy,8.0
2024-07-03,mad-max-fury-road,2015,https://boxd.it/2DjO,6.0
2024-07-08,the-ministry-of-ungentlemanly-warfare,2024,https://boxd.it/u5zu,5.0
2024-07-08,hundreds-of-beavers,2022,https://boxd.it/CyUM,7.0
2024-07-10,kung-fu-hustle,2004,https://boxd.it/1YBi,6.0
2024-07-10,pink-floyd-the-wall,1982,https://boxd.it/1Sxk,9.0
2024-07-11,finding-nemo,2003,https://boxd.it/72i,6.0
2024-07-11,sherlock-holmes-2009,2009,https://boxd.it/1W2A,5.0
2024-07-11,a-bugs-life,1998,https://boxd.it/1Yyy,4.0
2024-07-11,kick-ass,2010,https://boxd.it/1zaQ,5.0
2024-07-11,fantastic-four-2005,2005,https://boxd.it/1XVw,7.0
2024-07-11,the-lego-movie,2014,https://boxd.it/4pDO,6.0
2024-07-11,aquaman-2018,2018,https://boxd.it/9ru0,3.0
2024-07-11,hancock,2008,https://boxd.it/1Zv6,6.0
2024-07-11,solo-a-star-wars-story,2018,https://boxd.it/bGWs,3.0
2024-07-11,hercules-1997,1997,https://boxd.it/1SDW,7.0
2024-07-11,monsters-inc,2001,https://boxd.it/2a46,5.0
2024-07-11,edge-of-tomorrow,2014,https://boxd.it/4pD0,7.0
2024-07-11,cars,2006,https://boxd.it/29ho,5.0
2024-07-11,jurassic-world,2015,https://boxd.it/4n0g,5.0
2024-07-11,ratatouille,2007,https://boxd.it/27ww,6.0
2024-07-11,gravity-2013,2013,https://boxd.it/GZY,6.0
2024-07-11,beauty-and-the-beast-1991,1991,https://boxd.it/1XhG,6.0
2024-07-11,brave-2012,2012,https://boxd.it/bVG,3.0
2024-07-11,shrek,2001,https://boxd.it/29zi,5.0
2024-07-11,aladdin,1992,https://boxd.it/29yE,6.0
2024-07-11,the-martian,2015,https://boxd.it/8SeG,6.0
2024-07-11,spider-man,2002,https://boxd.it/2a8i,6.0
2024-07-11,mulan,1998,https://boxd.it/1VFw,5.0
2024-07-11,the-nightmare-before-christmas,1993,https://boxd.it/1YzQ,3.0
2024-07-11,moana-2016,2016,https://boxd.it/8tfY,6.0
2024-07-11,tropic-thunder,2008,https://boxd.it/20WM,5.0
2024-07-11,school-of-rock,2003,https://boxd.it/28xK,3.0
2024-07-11,despicable-me,2010,https://boxd.it/1DD8,5.0
2024-07-11,finding-dory,2016,https://boxd.it/4aAA,4.0
2024-07-11,taken,2008,https://boxd.it/1ZXa,5.0
2024-07-11,men-in-black-3,2012,https://boxd.it/103U,7.0
2024-07-11,kung-fu-panda,2008,https://boxd.it/1Yws,7.0
2024-07-11,frozen-2013,2013,https://boxd.it/3GNa,5.0
2024-07-11,ice-age,2002,https://boxd.it/2apS,5.0
2024-07-11,rogue-one-a-star-wars-story,2016,https://boxd.it/aPvy,6.0
2024-07-17,blazing-saddles,1974,https://boxd.it/1UHQ,4.0
2024-07-18,jumper,2008,https://boxd.it/20ss,5.0
2024-07-24,7-days-in-hell,2015,https://boxd.it/8VZ6,8.0
2024-07-29,deadpool-wolverine,2024,https://boxd.it/jq8s,8.0
2024-07-30,burnt,2015,https://boxd.it/9mVg,5.0
2024-07-30,starter-for-10,2006,https://boxd.it/1OQW,6.0
2024-07-31,jumanji-welcome-to-the-jungle,2017,https://boxd.it/bUeE,6.0
2024-07-31,jumanji-the-next-level,2019,https://boxd.it/ixu4,5.0
2024-08-01,the-karate-kid,1984,https://boxd.it/27Wk,5.0
2024-08-01,bruce-almighty,2003,https://boxd.it/2aCC,5.0
2024-08-01,how-to-train-your-dragon-2,2014,https://boxd.it/2TRW,5.0
2024-08-01,national-treasure-book-of-secrets,2007,https://boxd.it/21rq,5.0
2024-08-01,the-mummy-returns,2001,https://boxd.it/28cs,4.0
2024-08-01,con-air,1997,https://boxd.it/28gO,6.0
2024-08-01,chicken-little-2005,2005,https://boxd.it/1Xnu,2.0
2024-08-01,the-hangover-part-ii,2011,https://boxd.it/PZI,5.0
2024-08-01,the-hangover-part-iii,2013,https://boxd.it/3GNY,4.0
2024-08-01,the-hitchhikers-guide-to-the-galaxy-2005,2005,https://boxd.it/20VE,5.0
2024-08-01,face-off,1997,https://boxd.it/29I0,6.0
2024-08-01,step-brothers,2008,https://boxd.it/1SsE,3.0
2024-08-01,jungle-cruise,2021,https://boxd.it/g4YK,3.0
2024-08-01,sausage-party,2016,https://boxd.it/6CCe,4.0
2024-08-01,batman-mask-of-the-phantasm,1993,https://boxd.it/1N6S,7.0
2024-08-01,paul-2011,2011,https://boxd.it/13uE,6.0
2024-08-01,pocahontas-1995,1995,https://boxd.it/1W2g,6.0
2024-08-01,ghost-rider,2007,https://boxd.it/290M,5.0
2024-08-01,the-hitmans-bodyguard,2017,https://boxd.it/dCmO,4.0
2024-08-01,the-day-after-tomorrow,2004,https://boxd.it/2aog,5.0
2024-08-01,chicken-run,2000,https://boxd.it/20Xg,5.0
2024-08-01,fantasia,1940,https://boxd.it/29HG,6.0
2024-08-01,speed,1994,https://boxd.it/28qk,5.0
2024-08-01,dances-with-wolves,1990,https://boxd.it/2a4K,6.0
2024-08-01,big,1988,https://boxd.it/271S,6.0
2024-08-01,shark-tale,2004,https://boxd.it/1VYe,4.0
2024-08-01,the-a-team,2010,https://boxd.it/1dHS,7.0
2024-08-01,cool-runnings,1993,https://boxd.it/29qg,6.0
2024-08-01,oz-the-great-and-powerful,2013,https://boxd.it/2cAI,5.0
2024-08-01,divergent,2014,https://boxd.it/4VT0,4.0
2024-08-01,shakespeare-in-love,1998,https://boxd.it/27Pe,5.0
2024-08-01,blades-of-glory,2007,https://boxd.it/1Xrm,6.0
2024-08-02,flushed-away,2006,https://boxd.it/1Tpm,4.0
2024-08-02,eragon,2006,https://boxd.it/26Fs,4.0
2024-08-02,the-impossible,2012,https://boxd.it/2N9k,6.0
2024-08-02,black-mirror-be-right-back,2013,https://boxd.it/hRpw,7.0
2024-08-02,coach-carter,2005,https://boxd.it/218e,4.0
2024-08-02,spy-kids-2-the-island-of-lost-dreams,2002,https://boxd.it/1Yyo,6.0
2024-08-02,spy-kids-3-d-game-over,2003,https://boxd.it/1S7w,6.0
2024-08-02,percy-jackson-sea-of-monsters,2013,https://boxd.it/2D8m,2.0
2024-08-02,black-mirror-fifteen-million-merits,2011,https://boxd.it/hQYU,4.0
2024-08-02,the-devils-advocate,1997,https://boxd.it/286k,4.0
2024-08-02,the-golden-compass,2007,https://boxd.it/272Q,4.0
2024-08-02,madagascar,2005,https://boxd.it/29dc,5.0
2024-08-02,madagascar-escape-2-africa,2008,https://boxd.it/1W2K,4.0
2024-08-02,madagascar-3-europes-most-wanted,2012,https://boxd.it/2NF6,2.0
2024-08-02,minions,2015,https://boxd.it/6jCO,2.0
2024-08-02,miss-peregrines-home-for-peculiar-children,2016,https://boxd.it/8KPu,4.0
2024-08-02,sixteen-candles,1984,https://boxd.it/1MJk,5.0
2024-08-02,mousehunt,1997,https://boxd.it/21PM,5.0
2024-08-02,miss-congeniality,2000,https://boxd.it/28GM,6.0
2024-08-02,inkheart,2008,https://boxd.it/26XG,6.0
2024-08-02,black-mirror-uss-callister,2017,https://boxd.it/hQXi,6.0
2024-08-02,doctor-zhivago,1965,https://boxd.it/29jk,5.0
2024-08-02,i-am-number-four,2011,https://boxd.it/MXY,4.0
2024-08-02,pixels-2015,2015,https://boxd.it/7BaA,4.0
2024-08-02,airplane-ii-the-sequel,1982,https://boxd.it/26uu,6.0
2024-08-02,the-naked-gun-2-the-smell-of-fear,1991,https://boxd.it/18Yu,6.0
2024-08-02,naked-gun-33-the-final-insult,1994,https://boxd.it/1afQ,5.0
2024-08-02,around-the-world-in-80-days-2004,2004,https://boxd.it/1WPs,6.0
2024-08-02,happy-feet,2006,https://boxd.it/1XH0,2.0
2024-08-02,tangled-2010,2010,https://boxd.it/15gO,6.0
2024-08-02,21-jump-street,2012,https://boxd.it/J0,6.0
2024-08-02,cast-away,2000,https://boxd.it/20i8,5.0
2024-08-03,night-at-the-museum,2006,https://boxd.it/28wi,4.0
2024-08-03,zombieland,2009,https://boxd.it/1En6,5.0
2024-08-03,home-alone,1990,https://boxd.it/29Fg,5.0
2024-08-03,once-upon-a-time-in-hollywood,2019,https://boxd.it/gH0O,6.0
2024-08-03,slumdog-millionaire,2008,https://boxd.it/1S3E,6.0
2024-08-03,22-jump-street,2014,https://boxd.it/5Fvy,6.0
2024-08-03,kung-fu-panda-2,2011,https://boxd.it/G36,6.0
2024-08-03,spectre-2015,2015,https://boxd.it/6bXY,3.0
2024-08-03,the-emperors-new-groove,2000,https://boxd.it/1Tey,7.0
2024-08-03,venom-2018,2018,https://boxd.it/b8wA,3.0
2024-08-03,cloudy-with-a-chance-of-meatballs,2009,https://boxd.it/1A40,6.0
2024-08-03,paddington,2014,https://boxd.it/3RKw,5.0
2024-08-03,monsters-vs-aliens,2009,https://boxd.it/1M50,6.0
2024-08-03,black-mirror-the-entire-history-of-you-2011,2011,https://boxd.it/hQZ4,7.0
2024-08-03,yesterday-2019,2019,https://boxd.it/iF7M,4.0
2024-08-03,trading-places,1983,https://boxd.it/28sK,6.0
2024-08-03,air-force-one,1997,https://boxd.it/1XQw,6.0
2024-08-03,crazy-rich-asians,2018,https://boxd.it/gfnK,6.0
2024-08-03,anna-and-the-apocalypse,2017,https://boxd.it/gwcE,6.0
2024-08-03,sherlock-the-blind-banker-2010,2010,https://boxd.it/mwHY,6.0
2024-08-03,sherlock-the-sign-of-three-2014,2014,https://boxd.it/mwSs,6.0
2024-08-03,sherlock-the-lying-detective-2017,2017,https://boxd.it/uBH6,6.0
2024-08-03,sherlock-the-hounds-of-baskerville-2012,2012,https://boxd.it/mwHu,5.0
2024-08-03,sherlock-the-reichenbach-fall-2012,2012,https://boxd.it/mwV2,7.0
2024-08-07,hunt-for-the-wilderpeople,2016,https://boxd.it/cTgG,8.0
2024-08-07,not-another-teen-movie,2001,https://boxd.it/1TWq,6.0
2024-08-08,blade,1998,https://boxd.it/1a8A,6.0
2024-08-13,bullet-train,2022,https://boxd.it/qW26,7.0
